edyth.connelly,1983-10-12,f,Libyan Arab Jamahiriya
janessa.bradtke,1983-06-26,m,British Indian Ocean Territory (Chagos Archipelago)
murl,1977-09-05,f,Angola
sophia,1997-05-04,f,Chile
gorczany.michele,1973-12-10,m,Paraguay
precious,1993-12-21,f,Netherlands Antilles
huel.nellie,1976-03-08,m,Saudi Arabia
prosacco,1992-11-04,m,Jordan
pagac.jerrod,1980-09-27,f,Norfolk Island
larkin,1990-03-11,m,Burkina Faso
batz,1999-02-17,f,Anguilla
mitchell.thelma,1970-09-01,m,Bangladesh
jannie,1991-05-26,m,Slovakia (Slovak Republic)
gonzalo.hirthe,2003-05-17,m,Myanmar
torp.abraham,2004-03-27,f,Pitcairn Islands
zoie.vandervort,1992-09-29,f,Cuba
lavada,2002-11-30,m,"Lao People""s Democratic Republic"
stuart.crona,1983-05-09,m,Luxembourg
shania.hansen,1970-02-13,m,Norway
gabe.casper,1992-09-04,m,Croatia
magnus,1972-05-16,m,United States of America
liana.auer,1978-10-24,f,Andorra
jaskolski,1985-02-27,f,Vanuatu
maxie.satterfield,1992-09-13,m,Christmas Island
dietrich.jadyn,1991-08-05,f,Sao Tome and Principe
will.carley,1970-08-07,m,Iceland
sidney.kassulke,1998-05-16,f,Saint Pierre and Miquelon
howell.vida,1983-09-21,f,Cuba
vidal.padberg,2002-09-24,f,Antigua and Barbuda
malinda,1976-05-08,f,Kenya
marietta.hagenes,1988-10-08,m,Pitcairn Islands
xavier,1984-08-31,m,Bangladesh
kovacek,1986-12-27,m,Kiribati
feest,2002-05-08,m,Belarus
alvena,1979-06-03,m,Trinidad and Tobago
corkery,2001-10-21,m,Gibraltar
bulah.hudson,1990-05-10,m,Saint Barthelemy
gaetano.zieme,1991-05-29,f,Lesotho
matteo.white,2001-06-25,m,Timor-Leste
alvera.watsica,1973-03-30,m,British Virgin Islands
rau.gabe,1991-03-01,m,Philippines
funk.clyde,1990-12-15,f,Vietnam
lynch.carson,2002-08-12,m,Venezuela
shakira.daugherty,2002-02-12,m,Serbia
ara.mayer,1986-11-14,f,Lithuania
winston,1995-11-12,m,Syrian Arab Republic
hirthe,1972-02-04,f,Timor-Leste
eunice,1984-10-19,f,Brunei Darussalam
eloy.eichmann,1972-11-20,f,Congo
bednar.alan,1995-08-21,f,Israel
bartholome,1999-12-18,f,Australia
roberto,1997-04-06,f,Faroe Islands
lebsack,1992-08-01,m,Aruba
steuber,1997-12-27,m,Israel
sanford,1985-11-16,f,Kenya
merlin,1973-11-10,m,Nicaragua
treva,1979-06-25,m,Bahrain
lindgren,1993-07-15,f,Azerbaijan
mante.madonna,1979-04-25,m,Australia
dovie,1989-04-02,m,El Salvador
hegmann,1999-03-31,f,Vietnam
ryan,1984-08-14,m,Jersey
katrina,1993-10-15,f,Tunisia
laverna,1989-10-28,f,Singapore
demarco,2001-03-06,f,Wallis and Futuna
kuvalis.marley,1982-05-01,m,Uganda
destany,2003-02-07,m,Dominica
laurianne,1988-01-28,f,Yemen
bergstrom.beau,1972-07-22,f,Georgia
mckenzie,1997-10-16,m,Grenada
norene,1984-12-14,f,Ethiopia
doyle.nova,2000-02-20,f,Nigeria
zander.hamill,1997-09-15,m,Togo
will,1985-12-02,f,China
edgar,1994-10-14,f,Antigua and Barbuda
jones.sabrina,1992-07-16,f,Micronesia
jolie,1976-06-26,m,Czech Republic
weber.jaquan,1990-12-02,m,Trinidad and Tobago
kacey.mcglynn,1986-09-25,m,Anguilla
ofelia,2004-01-23,m,American Samoa
isaias,1990-01-19,f,Maldives
granville.dach,1972-05-25,f,French Polynesia
fredy.boyle,1994-01-03,f,Somalia
jailyn,2004-03-19,m,Armenia
pearl.bartoletti,1979-03-15,m,New Caledonia
jameson.wisoky,1978-08-21,f,Belgium
kertzmann,1985-08-12,f,Mozambique
ruecker,1977-12-09,m,United States Virgin Islands
golda.farrell,2001-10-15,m,France
gabriella,1979-03-04,f,Saint Lucia
shanahan,1979-03-18,m,Armenia
cathy.batz,1974-03-29,f,Tuvalu
gutkowski.frederik,1994-11-05,m,Germany
runolfsson,1982-09-26,f,Namibia
anita.schoen,2001-08-28,f,France
windler.kolby,1970-09-26,f,Haiti
ashlee.wintheiser,1997-01-25,m,Macedonia
mariane.durgan,1981-10-23,m,Korea
bartholome.fritsch,1973-06-26,m,China
klein.germaine,1974-11-24,f,France
fannie,1981-03-11,f,Haiti
nels.powlowski,2002-05-28,m,Mauritania
adams,1983-08-16,m,Reunion
brown,1975-07-17,f,Sri Lanka
ransom.schinner,1986-10-04,m,Azerbaijan
jaylen.donnelly,1992-04-04,f,Wallis and Futuna
clementina,1997-04-20,m,American Samoa
blick.marty,1993-07-01,f,United States Virgin Islands
fahey.theresia,1983-10-10,m,Mayotte
schaden.dillan,1974-10-28,m,Belize
bryana.lowe,2005-08-15,f,Gambia
pouros.mason,1987-08-19,m,Liberia
mccullough,1991-02-14,f,Pakistan
hoeger,1974-09-24,m,Central African Republic
arnold.deckow,2003-10-26,m,Holy See (Vatican City State)
jerde,1982-12-07,m,Suriname
reinger.jeanne,1976-06-19,m,Aruba
alex,1980-10-07,f,Djibouti
audie.wiegand,1972-12-12,m,Gambia
candelario,1996-02-02,m,Thailand
heller,1991-03-06,f,Solomon Islands
bruen.hyman,2002-03-25,f,Solomon Islands
colton.kutch,1981-03-18,f,Thailand
malcolm.spencer,1981-06-25,f,Solomon Islands
corwin.talon,1987-05-10,f,French Polynesia
pfeffer.talon,1989-11-03,f,Namibia
andy,2004-09-15,m,Isle of Man
benedict.pollich,1992-01-31,f,Namibia
anissa,1971-07-14,f,Puerto Rico
hettinger.vicente,1997-01-05,m,Indonesia
michaela.grady,1971-06-03,m,Swaziland
reilly,1989-02-10,f,Ireland
thompson,1976-02-11,m,Dominica
darren.morar,1981-10-12,m,Gabon
johns.keyshawn,1990-05-17,m,Panama
kihn,1978-01-01,f,Hungary
deckow.owen,1994-03-21,m,Nigeria
sawayn,2001-08-29,f,Cook Islands
winona.casper,1991-07-20,f,Finland
howell.jessie,1992-04-09,m,Hungary
arvel.considine,1973-04-24,f,Bulgaria
ledner.jakayla,1996-06-14,f,Luxembourg
mayert,1999-05-29,f,Nauru
dora.bogisich,1972-12-23,m,San Marino
rylee.aufderhar,1970-05-08,f,San Marino
sanford.percival,1996-12-03,f,Canada
wilson,1998-07-07,f,Samoa
russel.calista,1993-08-07,f,Nepal
carol,1977-04-17,m,Mauritania
swaniawski,1996-01-29,m,New Zealand
mclaughlin.elsa,1974-07-09,m,Korea
osinski,1984-04-25,f,Tuvalu
mcclure,1995-12-27,m,Mayotte
upton.deborah,1991-05-04,m,Niger
orn,1971-09-15,m,Bulgaria
wuckert.sydnee,1993-08-19,f,Zimbabwe
lyric.wiza,1988-01-25,m,United States Minor Outlying Islands
batz.sarina,1982-04-21,f,China
lorna,2000-10-10,m,Niue
sofia.boyer,1998-04-09,f,Tunisia
august.jakubowski,1979-08-28,m,Libyan Arab Jamahiriya
schumm,2005-09-26,m,Algeria
jaqueline,1996-11-08,f,Lesotho
bettie.skiles,1975-09-02,f,United States Virgin Islands
cleve,1970-08-14,f,Greenland
torrey,1973-01-25,f,Namibia
estefania,1976-05-27,f,Liberia
bessie,1974-03-28,f,"Lao People""s Democratic Republic"
o_hara.bryana,1985-07-26,m,French Polynesia
marianna,1990-03-26,f,Bouvet Island (Bouvetoya)
keshawn,2002-11-25,f,Netherlands
runolfsdottir,1999-01-26,f,Bermuda
considine.heaven,1988-03-26,f,Croatia
kyle.altenwerth,1973-01-05,m,Korea
konopelski,1997-12-17,f,Holy See (Vatican City State)
timmy.dach,1988-07-18,f,Antigua and Barbuda
ila,1981-07-16,f,Austria
block,1972-12-23,f,Guyana
morton.feeney,1986-03-21,f,Guam
rohan,1974-05-04,m,Mozambique
julius,2000-06-13,m,French Guiana
funk,2000-07-18,f,Austria
kaya,1983-03-15,f,Mauritania
taryn,1977-09-30,m,Saudi Arabia
isaiah.kerluke,1980-04-22,m,Venezuela
madisen,1993-08-13,f,Moldova
herman.elna,1982-01-19,m,French Polynesia
keshaun.hills,1973-03-26,m,Paraguay
verna,1995-08-26,m,Vietnam
alf,1991-06-10,m,Hong Kong
millie,1985-10-29,m,Guadeloupe
jones.providenci,2000-10-14,f,Egypt
dax.mclaughlin,1989-05-26,m,Brunei Darussalam
precious,1974-09-02,m,Lithuania
koch,1993-05-16,f,Guadeloupe
predovic,2005-11-15,m,Brunei Darussalam
maria,1973-11-29,f,Ireland
valentina.osinski,2001-05-26,m,Botswana
jaskolski.carmelo,1998-06-29,m,Finland
myrl,1984-04-28,f,Senegal
wunsch,1990-06-16,m,Saint Vincent and the Grenadines
nakia.baumbach,1984-08-09,m,Australia
alessia.funk,1984-04-22,f,Kuwait
rowe.nelle,1982-01-20,m,Yemen
kiana.hilpert,1985-05-18,f,Vanuatu
giuseppe.ledner,1983-10-30,f,Israel
kattie.hintz,1989-12-29,f,Turkmenistan
kreiger.salma,1972-02-18,f,Eritrea
considine.emmett,1987-02-10,m,Pakistan
elvera,1984-09-18,f,Panama
verla,1991-09-13,m,Antarctica (the territory South of 60 deg S)
frami.kattie,1996-05-30,f,Singapore
bernhard.linnea,1977-07-02,m,Isle of Man
janelle.larson,1971-08-08,f,Romania
wilma.mcglynn,1988-02-24,f,Eritrea
rachelle.bednar,1985-05-07,m,Guam
wilderman,1994-11-24,f,Guinea-Bissau
kaleb.runolfsson,1983-11-30,f,Lebanon
lillie.o_keefe,1996-10-27,f,Svalbard & Jan Mayen Islands
lyric,1974-02-28,f,Puerto Rico
monahan,1976-08-29,m,Kiribati
friesen,1991-06-17,f,Cambodia
jaskolski,1992-12-04,f,Oman
feest,1995-03-01,m,New Zealand
koss,2004-12-28,f,French Southern Territories
olson,1980-11-13,m,Austria
wiegand,1979-12-14,f,Nauru
collin,1977-05-05,m,Belize
agnes,2001-11-30,m,Angola
chadd.quigley,2005-04-01,m,Netherlands
wilson,1991-10-03,f,Croatia
kyler.murazik,1995-04-10,m,Papua New Guinea
corwin.shanon,1983-04-15,m,Turks and Caicos Islands
stracke.tyreek,1994-03-03,f,Comoros
feil,2003-12-28,f,Qatar
maggio.ralph,1992-06-03,m,Antarctica (the territory South of 60 deg S)
cormier,1981-10-08,m,Palestinian Territories
kacey.schamberger,1975-07-22,f,Hungary
isaac.west,1985-07-03,m,Sierra Leone
dach,1974-10-27,m,Tajikistan
o_hara,1990-05-29,m,Azerbaijan
domenica,1996-04-30,f,Moldova
abdiel,1971-02-27,m,Northern Mariana Islands
rau,2003-04-28,m,Mozambique
torphy,1979-04-09,m,Serbia
spinka,1975-10-08,m,Bangladesh
jermey,2005-06-13,f,Jersey
huel,1997-08-07,f,Sao Tome and Principe
ratke.eric,1980-10-07,m,Uzbekistan
grimes,1980-10-21,f,Panama
mertz.dillan,1996-11-29,m,"Cote d""Ivoire"
feil.estevan,1972-06-04,f,Argentina
adriana,2001-04-14,m,Mayotte
shanahan,1974-01-07,m,Niger
mann,1989-09-24,m,Niger
maxie,1993-10-13,m,Zambia
kozey,1993-09-24,f,Cayman Islands
chandler.kunde,1985-12-15,f,Turkmenistan
crystal,1986-01-14,m,Eritrea
mclaughlin,1995-03-30,f,Eritrea
mckenzie.carlotta,2003-08-28,f,Pitcairn Islands
nathan,1973-04-28,m,Falkland Islands (Malvinas)
zita,1996-05-11,m,Cameroon
hamill,1991-05-10,m,Canada
jed,1970-03-01,m,Faroe Islands
delilah.bradtke,1997-05-28,f,Sao Tome and Principe
nathanael,1986-05-11,m,Greece
elnora,1974-02-16,m,Samoa
hoeger,1982-09-09,m,China
christiansen,1972-06-12,f,Mexico
omari,1982-02-15,m,New Zealand
lesch.baby,1982-02-11,f,Macedonia
virgie.waelchi,1985-05-15,f,Montserrat
roberts.jalen,1998-02-21,f,Iran
zemlak.bill,1988-12-01,m,Congo
edwardo,1981-11-02,f,Central African Republic
edythe,1994-05-23,f,Denmark
schinner,1970-12-27,m,Bermuda
schoen.jamel,1996-10-12,m,Tanzania
frankie,1983-02-09,m,Central African Republic
linwood.blanda,1997-08-14,m,Azerbaijan
thora,2001-12-04,m,Ireland
lockman.eryn,2001-03-06,m,Norfolk Island
kylie.olson,1984-04-14,f,Sao Tome and Principe
caleigh,1996-10-24,m,Malawi
tyra,1973-01-01,f,Uzbekistan
aaron.leannon,2000-10-08,m,Reunion
kelvin.dach,1975-05-09,m,Switzerland
jacobi.schuyler,1986-10-20,f,Costa Rica
sarina,1987-09-08,m,Maldives
keagan.gutmann,1994-10-15,m,Svalbard & Jan Mayen Islands
francesca.wyman,1977-03-27,f,Barbados
johanna,1999-06-12,f,British Indian Ocean Territory (Chagos Archipelago)
vanessa,1984-04-09,m,Turkey
isaias,1988-03-11,m,Jordan
wilber.conn,1989-07-16,m,French Southern Territories
tre.cassin,1998-08-21,m,Western Sahara
keeley.stanton,1977-06-02,f,Korea
kyra.auer,1970-12-22,m,Vietnam
raven,1974-01-27,m,Portugal
